"","tessera"
"1",6849
"2",7416
"3",8776
"4",9023
"5",9260
"6",9292
"7",9750
"8",10231
"9",11107
"10",11374
"11",11821
"12",11880
"13",12355
"14",13269
"15",13603
"16",14210
"17",14319
"18",14320
"19",14496
"20",14605
"21",14618
"22",14688
"23",14716
"24",14820
"25",14848
"26",15347
"27",15504
"28",15547
"29",15650
"30",16098
"31",16163
"32",16209
"33",16300
"34",16531
"35",16722
"36",16769
"37",16784
"38",16797
"39",16863
"40",16940
"41",16980
"42",17124
"43",17197
"44",17284
"45",17285
"46",17538
"47",17563
"48",17688
"49",17818
"50",17832
"51",17899
"52",17900
"53",17923
"54",18123
"55",18203
"56",18209
"57",18286
"58",18432
"59",18705
"60",19041
"61",19042
"62",19045
"63",19173
"64",19267
"65",19366
"66",19398
"67",19471
"68",19590
"69",19595
"70",19664
"71",19805
"72",19813
"73",19817
"74",19818
"75",19891
"76",19939
"77",19975
"78",19976
"79",20063
"80",20099
"81",20103
"82",20221
"83",20227
"84",20314
"85",20331
"86",20348
"87",20352
"88",20410
"89",20782
"90",20798
"91",20803
"92",20810
"93",20846
"94",20862
"95",20990
"96",20994
"97",20998
"98",20999
"99",21002
"100",21027
"101",21079
"102",21117
"103",21120
"104",21169
"105",21216
"106",21231
"107",21233
"108",21260
"109",21265
"110",21277
"111",21321
"112",21325
"113",21328
"114",21341
"115",21360
"116",21460
"117",21462
"118",21464
"119",21465
"120",21469
"121",21470
"122",21503
"123",21542
"124",21552
"125",21761
"126",21786
"127",21793
"128",21805
"129",21917
"130",21921
"131",21925
"132",21940
"133",21943
"134",21950
"135",21976
"136",22003
"137",22006
"138",22082
"139",22120
"140",22179
"141",22355
"142",22382
"143",22396
"144",22433
"145",22447
"146",22455
"147",22460
"148",22487
"149",22491
"150",22504
"151",22540
"152",22564
"153",22570
"154",22592
"155",22613
"156",22651
"157",22685
"158",22699
"159",22743
"160",22804
"161",22819
"162",22903
"163",22927
"164",23078
"165",23085
"166",23086
"167",23196
"168",23205
"169",23222
"170",23233
"171",23239
"172",23320
"173",23382
"174",23384
"175",23429
"176",23437
"177",23516
"178",23546
"179",23578
"180",23610
"181",23617
"182",23630
"183",23664
"184",23731
"185",23815
"186",23824
"187",23882
"188",23921
"189",23980
"190",24062
"191",24071
"192",24125
"193",24186
"194",24205
"195",24223
"196",24253
"197",24330
"198",24338
"199",24436
"200",24508
"201",24604
"202",24615
"203",24657
"204",24662
"205",24844
"206",24859
"207",24873
"208",24881
"209",24918
"210",24927
"211",24985
"212",25145
"213",25196
"214",25229
"215",25336
"216",25337
"217",25345
"218",25413
"219",25417
"220",25424
"221",25521
"222",25539
"223",25556
"224",25613
"225",25621
"226",25636
"227",25638
"228",25644
"229",25702
"230",25719
"231",25768
"232",25826
"233",25846
"234",25891
"235",25965
"236",25983
"237",26049
"238",26058
"239",26126
"240",26142
"241",26167
"242",26211
"243",26217
"244",26222
"245",26245
"246",26363
"247",26420
"248",26438
"249",26556
"250",26602
"251",26617
"252",26618
"253",26746
"254",26775
"255",26849
"256",26852
"257",26881
"258",26888
"259",26900
"260",26901
"261",26904
"262",27045
"263",27073
"264",27156
"265",27212
"266",27213
"267",27220
"268",27222
"269",27233
"270",27258
"271",27339
"272",27351
"273",27375
"274",27430
"275",27456
"276",27503
"277",27504
"278",27514
"279",27562
"280",27606
"281",27608
"282",27627
"283",27666
"284",27670
"285",27679
"286",27682
"287",27703
"288",27722
"289",27723
"290",27728
"291",27731
"292",27757
"293",27758
"294",27854
"295",27865
"296",27870
"297",27879
"298",27882
"299",27911
"300",27933
"301",27958
"302",27959
"303",28003
"304",28006
"305",28034
"306",28122
"307",28304
"308",28321
"309",28337
"310",28354
"311",28473
"312",28597
"313",28611
"314",28640
"315",28694
"316",28721
"317",28783
"318",28823
"319",28835
"320",28994
"321",29047
"322",29071
"323",29072
"324",29085
"325",29185
"326",29186
"327",29193
"328",29204
"329",29214
"330",29217
"331",29262
"332",29278
"333",29288
"334",29336
"335",29355
"336",29360
"337",29382
"338",29384
"339",29422
"340",29434
"341",29435
"342",29442
"343",29447
"344",29448
"345",29465
"346",29467
"347",29547
"348",29575
"349",29577
"350",29579
"351",29592
"352",29651
"353",29662
"354",29753
"355",29758
"356",29762
"357",30005
"358",30025
"359",30068
"360",30113
"361",30116
"362",30174
"363",30229
"364",30252
"365",30270
"366",30290
"367",30414
"368",30416
"369",30417
"370",30422
"371",30434
"372",30454
"373",30492
"374",30519
"375",30563
"376",30657
"377",30664
"378",30700
"379",30717
"380",30721
"381",30757
"382",30790
"383",30808
"384",30848
"385",30852
"386",30882
"387",30948
"388",30949
"389",30958
"390",30982
"391",31023
"392",31040
"393",31088
"394",31090
"395",31094
"396",31268
"397",31357
"398",31359
"399",31361
"400",31377
"401",31394
"402",31401
"403",31431
"404",31442
"405",31504
"406",31506
"407",31520
"408",31578
"409",31609
"410",31610
"411",31612
"412",31660
"413",31669
"414",31674
"415",31690
"416",31737
"417",31739
"418",31844
"419",31885
"420",31966
"421",31982
"422",32012
"423",32030
"424",32034
"425",32134
"426",32135
"427",32174
"428",32180
"429",32189
"430",32194
"431",32304
"432",32325
"433",32328
"434",32331
"435",32385
"436",32387
"437",32413
"438",32420
"439",32426
"440",32436
"441",32481
"442",32501
"443",32510
"444",32547
"445",32696
"446",32702
"447",32731
"448",32741
"449",32783
"450",32784
"451",32904
"452",32920
"453",32941
"454",32946
"455",33011
"456",33089
"457",33127
"458",33155
"459",33159
"460",33192
"461",33257
"462",33263
"463",33265
"464",33289
"465",33310
"466",33403
"467",33417
"468",33440
"469",33441
"470",33442
"471",33443
"472",33445
"473",33464
"474",33478
"475",33490
"476",33512
"477",33513
"478",33542
"479",33559
"480",33563
"481",33605
"482",33606
"483",33610
"484",33644
"485",33656
"486",33703
"487",33721
"488",33727
"489",33752
"490",33771
"491",33850
"492",33910
"493",33973
"494",33998
"495",34029
"496",34030
"497",34031
"498",34032
"499",34041
"500",34043
"501",34049
"502",34072
"503",34075
"504",34083
"505",34110
"506",34151
"507",34161
"508",34163
"509",34170
"510",34233
"511",34235
"512",34247
"513",34248
"514",34254
"515",34279
"516",34298
"517",34313
"518",34316
"519",34382
"520",34393
"521",34427
"522",34445
"523",34488
"524",34495
"525",34536
"526",34589
"527",34593
"528",34610
"529",34614
"530",34615
"531",34624
"532",34639
"533",34686
"534",34688
"535",34691
"536",34696
"537",34698
"538",34717
"539",34721
"540",34727
"541",34728
"542",34774
"543",34781
"544",34783
"545",34788
"546",34877
"547",34895
"548",34900
"549",34901
"550",34907
"551",34913
"552",34914
"553",34932
"554",34964
"555",35001
"556",35103
"557",35107
"558",35134
"559",35193
"560",35231
"561",35240
"562",35271
"563",35277
"564",35287
"565",35293
"566",35302
"567",35334
"568",35352
"569",35364
"570",35366
"571",35408
"572",35446
"573",35448
"574",35451
"575",35455
"576",35465
"577",35493
"578",35521
"579",35525
"580",35527
"581",35536
"582",35538
"583",35547
"584",35561
"585",35563
"586",35576
"587",35610
"588",35615
"589",35616
"590",35654
"591",35659
"592",35660
"593",35671
"594",35681
"595",35682
"596",35683
"597",35702
"598",35709
"599",35733
"600",35749
"601",35803
"602",35805
"603",35807
"604",35815
"605",35817
"606",35837
"607",35897
"608",35905
"609",35910
"610",35911
"611",35959
"612",35961
"613",36052
"614",36059
"615",36060
"616",36061
"617",36088
"618",36100
"619",36138
"620",36139
"621",36141
"622",36198
"623",36203
"624",36215
"625",36218
"626",36242
"627",36265
"628",36286
"629",36302
"630",36329
"631",36338
"632",36340
"633",36346
"634",36374
"635",36402
"636",36413
"637",36444
"638",36483
"639",36485
"640",36487
"641",36494
"642",36495
"643",36497
"644",36523
"645",36532
"646",36534
"647",36535
"648",36563
"649",36586
"650",36618
"651",36663
"652",36668
"653",36676
"654",36679
"655",36705
"656",36710
"657",36745
"658",36746
"659",36762
"660",36763
"661",36784
"662",36829
"663",36856
"664",36857
"665",36864
"666",36868
"667",36896
"668",36907
"669",36915
"670",36935
"671",36936
"672",36942
"673",36985
"674",36991
"675",37034
"676",37049
"677",37051
"678",37072
"679",37074
"680",37076
"681",37077
"682",37094
"683",37095
"684",37110
"685",37119
"686",37166
"687",37168
"688",37174
"689",37198
"690",37230
"691",37259
"692",37299
"693",37323
"694",37334
"695",37360
"696",37363
"697",37364
"698",37369
"699",37384
"700",37437
"701",37485
"702",37564
"703",37566
"704",37595
"705",37631
"706",37672
"707",37674
"708",37675
"709",37676
"710",37678
"711",37688
"712",37691
"713",37695
"714",37727
"715",37763
"716",37782
"717",37785
"718",37805
"719",37881
"720",37887
"721",37948
"722",37961
"723",38044
"724",38055
"725",38074
"726",38084
"727",38118
"728",38119
"729",38120
"730",38194
"731",38195
"732",38224
"733",38275
"734",38289
"735",38299
"736",38304
"737",38306
"738",38311
"739",38329
"740",38411
"741",38413
"742",38505
"743",38539
"744",38564
"745",38565
"746",38596
"747",38618
"748",38621
"749",38680
"750",38710
"751",38755
"752",38765
"753",38835
"754",38850
"755",38854
"756",38858
"757",38877
"758",38949
"759",38960
"760",38981
"761",38982
"762",38983
"763",38984
"764",38990
"765",39002
"766",39012
"767",39070
"768",39074
"769",39088
"770",39116
"771",39121
"772",39130
"773",39142
"774",39175
"775",39178
"776",39179
"777",39231
"778",39320
"779",39329
"780",39332
"781",39333
"782",39441
"783",39477
"784",39478
"785",39521
"786",39548
"787",39560
"788",39569
"789",39580
"790",39589
"791",39600
"792",39608
"793",39614
"794",39617
"795",39618
"796",39627
"797",39641
"798",39656
"799",39678
"800",39698
"801",39721
"802",39736
"803",39766
"804",39767
"805",39771
"806",39780
"807",39831
"808",39868
"809",39877
"810",39907
"811",39920
"812",39922
"813",39927
"814",39929
"815",39966
"816",39970
"817",39975
"818",39980
"819",39992
"820",40023
"821",40044
"822",40063
"823",40075
"824",40091
"825",40116
"826",40155
"827",40169
"828",40182
"829",40203
"830",40243
"831",40299
"832",40319
"833",40329
"834",40354
"835",40365
"836",40371
"837",40378
"838",40398
"839",40434
"840",40440
"841",40448
"842",40449
"843",40483
"844",40485
"845",40486
"846",40487
"847",40496
"848",40497
"849",40500
"850",40501
"851",40507
"852",40508
"853",40556
"854",40569
"855",40583
"856",40619
"857",40639
"858",40658
"859",40757
"860",40760
"861",40782
"862",40783
"863",40805
"864",40845
"865",40846
"866",40850
"867",40853
"868",40856
"869",40886
"870",40896
"871",40897
"872",40901
"873",40913
"874",40914
"875",40917
"876",40919
"877",40923
"878",40937
"879",40942
"880",40954
"881",40983
"882",40990
"883",40994
"884",40998
"885",41005
"886",41006
"887",41017
"888",41019
"889",41021
"890",41044
"891",41086
"892",41131
"893",41209
"894",41214
"895",41221
"896",41224
"897",41277
"898",41302
"899",41314
"900",41320
"901",41334
"902",41367
"903",41381
"904",41382
"905",41414
"906",41429
"907",41440
"908",41444
"909",41471
"910",41504
"911",41508
"912",41537
"913",41542
"914",41547
"915",41549
"916",41577
"917",41578
"918",41579
"919",41582
"920",41584
"921",41609
"922",41645
"923",41654
"924",41697
"925",41706
"926",41756
"927",41758
"928",41759
"929",41761
"930",41774
"931",41826
"932",41864
"933",41877
"934",41890
"935",41892
"936",41934
"937",41939
"938",41949
"939",41958
"940",41960
"941",41965
"942",41984
"943",41993
"944",41994
"945",41996
"946",42005
"947",42022
"948",42046
"949",42070
"950",42081
"951",42082
"952",42107
"953",42112
"954",42113
"955",42116
"956",42138
"957",42159
"958",42164
"959",42187
"960",42188
"961",42211
"962",42219
"963",42231
"964",42238
"965",42240
"966",42259
"967",42276
"968",42287
"969",42290
"970",42315
"971",42321
"972",42327
"973",42370
"974",42380
"975",42390
"976",42403
"977",42415
"978",42418
"979",42419
"980",42420
"981",42430
"982",42438
"983",42466
"984",42481
"985",42495
"986",42518
"987",42520
"988",42576
"989",42589
"990",42606
"991",42619
"992",42622
"993",42629
"994",42637
"995",42653
"996",42692
"997",42697
"998",42708
"999",42710
"1000",42715
"1001",42722
"1002",42732
"1003",42734
"1004",42735
"1005",42739
"1006",42757
"1007",42764
"1008",42772
"1009",42778
"1010",42804
"1011",42830
"1012",42832
"1013",42842
"1014",42844
"1015",42852
"1016",42862
"1017",42864
"1018",42871
"1019",42921
"1020",42922
"1021",42957
"1022",42958
"1023",42964
"1024",42989
"1025",43039
"1026",43046
"1027",43062
"1028",43102
"1029",43157
"1030",43159
"1031",43166
"1032",43173
"1033",43175
"1034",43187
"1035",43190
"1036",43211
"1037",43214
"1038",43215
"1039",43217
"1040",43218
"1041",43225
"1042",43241
"1043",43242
"1044",43245
"1045",43254
"1046",43277
"1047",43299
"1048",43301
"1049",43302
"1050",43316
"1051",43341
"1052",43370
"1053",43391
"1054",43462
"1055",43464
"1056",43465
"1057",43466
"1058",43526
"1059",43557
"1060",43565
"1061",43566
"1062",43573
"1063",43628
"1064",43633
"1065",43674
"1066",43689
"1067",43700
"1068",43702
"1069",43720
"1070",43761
"1071",43762
"1072",43767
"1073",43771
"1074",43773
"1075",43780
"1076",43812
"1077",43825
"1078",43827
"1079",43842
"1080",43877
"1081",43880
"1082",43885
"1083",43889
"1084",43905
"1085",43916
"1086",43947
"1087",43988
"1088",43997
"1089",43999
"1090",44027
"1091",44067
"1092",44077
"1093",44087
"1094",44088
"1095",44099
"1096",44104
"1097",44107
"1098",44130
"1099",44152
"1100",44173
"1101",44178
"1102",44185
"1103",44186
"1104",44212
"1105",44213
"1106",44229
"1107",44250
"1108",44255
"1109",44291
"1110",44297
"1111",44314
"1112",44331
"1113",44332
"1114",44349
"1115",44359
"1116",44367
"1117",44391
"1118",44415
"1119",44422
"1120",44437
"1121",44456
"1122",44489
"1123",44491
"1124",44493
"1125",44495
"1126",44496
"1127",44502
"1128",44518
"1129",44525
"1130",44553
"1131",44587
"1132",44610
"1133",44611
"1134",44646
"1135",44658
"1136",44672
"1137",44676
"1138",44678
"1139",44682
"1140",44683
"1141",44692
"1142",44699
"1143",44719
"1144",44723
"1145",44732
"1146",44745
"1147",44750
"1148",44755
"1149",44761
"1150",44784
"1151",44786
"1152",44811
"1153",44832
"1154",44840
"1155",44874
"1156",44878
"1157",44899
"1158",44901
"1159",44903
"1160",44942
"1161",44948
"1162",44966
"1163",44977
"1164",44978
"1165",45005
"1166",45008
"1167",45022
"1168",45035
"1169",45044
"1170",45057
"1171",45061
"1172",45067
"1173",45077
"1174",45090
"1175",45093
"1176",45097
"1177",45126
"1178",45135
"1179",45141
"1180",45144
"1181",45200
"1182",45202
"1183",45203
"1184",45217
"1185",45225
"1186",45228
"1187",45255
"1188",45278
"1189",45280
"1190",45292
"1191",45304
"1192",45306
"1193",45323
"1194",45356
"1195",45361
"1196",45387
"1197",45412
"1198",45424
"1199",45437
"1200",45439
"1201",45463
"1202",45483
"1203",45484
"1204",45502
"1205",45508
"1206",45526
"1207",45537
"1208",45541
"1209",45545
"1210",45563
"1211",45566
"1212",45572
"1213",45573
"1214",45595
"1215",45600
"1216",45602
"1217",45624
"1218",45649
"1219",45662
"1220",45679
"1221",45686
"1222",45694
"1223",45713
"1224",45714
"1225",45718
"1226",45720
"1227",45729
"1228",45749
"1229",45754
"1230",45800
"1231",45801
"1232",45816
"1233",45821
"1234",45824
"1235",45832
"1236",45835
"1237",45852
"1238",45854
"1239",45855
"1240",45863
"1241",45883
"1242",45884
"1243",45896
"1244",45950
"1245",45984
"1246",45986
"1247",46009
"1248",46015
"1249",46020
"1250",46066
"1251",46068
"1252",46070
"1253",46073
"1254",46079
"1255",46089
"1256",46103
"1257",46107
"1258",46111
"1259",46117
"1260",46147
"1261",46150
"1262",46158
"1263",46162
"1264",46194
"1265",46209
"1266",46216
"1267",46222
"1268",46236
"1269",46251
"1270",46256
"1271",46316
"1272",46336
"1273",46360
"1274",46372
"1275",46379
"1276",46404
"1277",46413
"1278",46439
"1279",46446
"1280",46450
"1281",46461
"1282",46495
"1283",46507
"1284",46508
"1285",46510
"1286",46538
"1287",46549
"1288",46554
"1289",46560
"1290",46566
"1291",46568
"1292",46569
"1293",46611
"1294",46662
"1295",46671
"1296",46673
"1297",46682
"1298",46699
"1299",46726
"1300",46728
"1301",46735
"1302",46751
"1303",46774
"1304",46822
"1305",46823
"1306",46825
"1307",46831
"1308",46879
"1309",46913
"1310",46927
"1311",46928
"1312",46943
"1313",46945
"1314",46986
"1315",46987
"1316",46989
"1317",46992
"1318",46993
"1319",47002
"1320",47005
"1321",47006
"1322",47011
"1323",47012
"1324",47013
"1325",47019
"1326",47022
"1327",47024
"1328",47043
"1329",47057
"1330",47067
"1331",47080
"1332",47095
"1333",47099
"1334",47116
"1335",47120
"1336",47121
"1337",47136
"1338",47137
"1339",47146
"1340",47171
"1341",47218
"1342",47226
"1343",47227
"1344",47254
"1345",47256
"1346",47257
"1347",47258
"1348",47278
"1349",47309
"1350",47327
"1351",47342
"1352",47360
"1353",47373
"1354",47376
"1355",47393
"1356",47397
"1357",47416
"1358",47433
"1359",47439
"1360",47442
"1361",47446
"1362",47457
"1363",47494
"1364",47525
"1365",47529
"1366",47531
"1367",47544
"1368",47554
"1369",47570
"1370",47571
"1371",47589
"1372",47600
"1373",47610
"1374",47613
"1375",47617
"1376",47646
"1377",47650
"1378",47657
"1379",47658
"1380",47662
"1381",47664
"1382",47671
"1383",47677
"1384",47678
"1385",47680
"1386",47697
"1387",47713
"1388",47717
"1389",47729
"1390",47730
"1391",47731
"1392",47748
"1393",47767
"1394",47770
"1395",47771
"1396",47782
"1397",47805
"1398",47806
"1399",47808
"1400",47809
"1401",47811
"1402",47816
"1403",47817
"1404",47821
"1405",47833
"1406",47834
"1407",47835
"1408",47838
"1409",47839
"1410",47871
"1411",47872
"1412",47873
"1413",47876
"1414",47877
"1415",47883
"1416",47885
"1417",47919
"1418",47942
"1419",47945
"1420",47955
"1421",47966
"1422",47968
"1423",47974
"1424",48010
"1425",48013
"1426",48020
"1427",48023
"1428",48032
"1429",48033
"1430",48034
"1431",48043
"1432",48049
"1433",48066
"1434",48069
"1435",48090
"1436",48110
"1437",48134
"1438",48153
"1439",48168
"1440",48171
"1441",48175
"1442",48177
"1443",48178
"1444",48180
"1445",48182
"1446",48197
"1447",48211
"1448",48230
"1449",48243
"1450",48366
"1451",48369
"1452",48390
"1453",48403
"1454",48420
"1455",48422
"1456",48437
"1457",48453
"1458",48461
"1459",48472
"1460",48476
"1461",48485
"1462",48487
"1463",48492
"1464",48498
"1465",48504
"1466",48507
"1467",48509
"1468",48511
"1469",48517
"1470",48522
"1471",48541
"1472",48614
"1473",48615
"1474",48616
"1475",48630
"1476",48632
"1477",48638
"1478",48651
"1479",48654
"1480",48675
"1481",48687
"1482",48688
"1483",48696
"1484",48770
"1485",48774
"1486",48775
"1487",48779
"1488",48783
"1489",48789
"1490",48790
"1491",48827
"1492",48833
"1493",48885
"1494",48886
"1495",48887
"1496",48888
"1497",48894
"1498",48909
"1499",48928
"1500",48931
"1501",48969
"1502",48971
"1503",48973
"1504",48983
"1505",48985
"1506",48988
"1507",48991
"1508",48992
"1509",48994
"1510",49004
"1511",49018
"1512",49097
"1513",49111
"1514",49118
"1515",49133
"1516",49139
"1517",49143
"1518",49154
"1519",49166
"1520",49186
"1521",49194
"1522",49197
"1523",49201
"1524",49206
"1525",49306
"1526",49330
"1527",49335
"1528",49336
"1529",49356
"1530",49371
"1531",49374
"1532",49375
"1533",49386
"1534",49404
"1535",49411
"1536",49413
"1537",49414
"1538",49416
"1539",49427
"1540",49433
"1541",49442
"1542",49458
"1543",49459
"1544",49461
"1545",49467
"1546",49472
"1547",49476
"1548",49482
"1549",49484
"1550",49485
"1551",49490
"1552",49499
"1553",49503
"1554",49505
"1555",49515
"1556",49542
"1557",49543
"1558",49544
"1559",49549
"1560",49593
"1561",49600
"1562",49607
"1563",49608
"1564",49612
"1565",49632
"1566",49633
"1567",49637
"1568",49640
"1569",49676
"1570",49686
"1571",49696
"1572",49707
"1573",49708
"1574",49729
"1575",49730
"1576",49733
"1577",49735
"1578",49746
"1579",49750
"1580",49751
"1581",49754
"1582",49760
"1583",49768
"1584",49773
"1585",49778
"1586",49808
"1587",49810
"1588",49876
"1589",49877
"1590",49882
"1591",49890
"1592",49963
"1593",49973
"1594",49975
"1595",49988
"1596",49998
"1597",50028
"1598",50036
"1599",50084
"1600",50085
"1601",50102
"1602",50107
"1603",50112
"1604",50151
"1605",50158
"1606",50187
"1607",50188
"1608",50191
"1609",50193
"1610",50212
"1611",50228
"1612",50234
"1613",50242
"1614",50243
"1615",50246
"1616",50248
"1617",50261
"1618",50265
"1619",50267
"1620",50276
"1621",50277
"1622",50291
"1623",50292
"1624",50293
"1625",50332
"1626",50337
"1627",50343
"1628",50355
"1629",50356
"1630",50380
"1631",50395
"1632",50406
"1633",50415
"1634",50426
"1635",50428
"1636",50459
"1637",50472
"1638",50476
"1639",50510
"1640",50533
"1641",50547
"1642",50549
"1643",50564
"1644",50567
"1645",50571
"1646",50572
"1647",50601
"1648",50604
"1649",50611
"1650",50630
"1651",50638
"1652",50648
"1653",50649
"1654",50664
"1655",50671
"1656",50681
"1657",50693
"1658",50700
"1659",50770
"1660",50787
"1661",50792
"1662",50809
"1663",50880
"1664",50881
"1665",50882
"1666",50885
"1667",50896
"1668",50910
"1669",50912
"1670",50930
"1671",50931
"1672",50960
"1673",50962
"1674",50979
"1675",51007
"1676",51010
"1677",51012
"1678",51021
"1679",51035
"1680",51048
"1681",51049
"1682",51059
"1683",51170
"1684",51178
"1685",51180
"1686",51186
"1687",51224
"1688",51225
"1689",51231
"1690",51244
"1691",51247
"1692",51257
"1693",51262
"1694",51267
"1695",51270
"1696",51278
"1697",51281
"1698",51282
"1699",51314
"1700",51316
"1701",51321
"1702",51322
"1703",51334
"1704",51336
"1705",51337
"1706",51338
"1707",51345
"1708",51353
"1709",51354
"1710",51355
"1711",51356
"1712",51357
"1713",51361
"1714",51370
"1715",51377
"1716",51381
"1717",51382
"1718",51390
"1719",51393
"1720",51395
"1721",51399
"1722",51402
"1723",51409
"1724",51410
"1725",51411
"1726",51413
"1727",51423
"1728",51441
"1729",51443
"1730",51477
"1731",51481
"1732",51518
"1733",51521
"1734",51533
"1735",51536
"1736",51552
"1737",51555
"1738",51559
"1739",51560
"1740",51569
"1741",51571
"1742",51575
"1743",51578
"1744",51586
"1745",51588
"1746",51593
"1747",51609
"1748",51618
"1749",51623
"1750",51628
"1751",51629
"1752",51635
"1753",51636
"1754",51645
"1755",51659
"1756",51684
"1757",51686
"1758",51688
"1759",51711
"1760",51726
"1761",51745
"1762",51749
"1763",51767
"1764",51776
"1765",51846
"1766",51848
"1767",51851
"1768",51862
"1769",51874
"1770",51878
"1771",51892
"1772",51903
"1773",51907
"1774",51908
"1775",51949
"1776",51966
"1777",51968
"1778",51998
"1779",52001
"1780",52006
"1781",52009
"1782",52010
"1783",52028
"1784",52059
"1785",52082
"1786",52085
"1787",52108
"1788",52112
"1789",52115
"1790",52131
"1791",52136
"1792",52145
"1793",52146
"1794",52249
"1795",52251
"1796",52253
"1797",52255
"1798",52266
"1799",52272
"1800",52285
"1801",52287
"1802",52299
"1803",52301
"1804",52311
"1805",52313
"1806",52332
"1807",52333
"1808",52334
"1809",52341
"1810",52342
"1811",52362
"1812",52372
"1813",52386
"1814",52392
"1815",52404
"1816",52445
"1817",52458
"1818",52459
"1819",52461
"1820",52462
"1821",52464
"1822",52495
"1823",52498
"1824",52508
"1825",52520
"1826",52530
"1827",52533
"1828",52546
"1829",52568
"1830",52575
"1831",52583
"1832",52584
"1833",52589
"1834",52594
"1835",52598
"1836",52611
"1837",52632
"1838",52661
"1839",52697
"1840",52702
"1841",52705
"1842",52706
"1843",52724
"1844",52725
"1845",52737
"1846",52744
"1847",52746
"1848",52751
"1849",52752
"1850",52753
"1851",52754
"1852",52757
"1853",52760
"1854",52761
"1855",52782
"1856",52783
"1857",52790
"1858",52791
"1859",52794
"1860",52806
"1861",52822
"1862",52824
"1863",52877
"1864",52905
"1865",52940
"1866",52944
"1867",52945
"1868",52946
"1869",52948
"1870",52959
"1871",52960
"1872",52967
"1873",52971
"1874",52976
"1875",52983
"1876",52990
"1877",52991
"1878",52994
"1879",52997
"1880",53015
"1881",53069
"1882",53080
"1883",53081
"1884",53084
"1885",53085
"1886",53087
"1887",53088
"1888",53145
"1889",53147
"1890",53152
"1891",53163
"1892",53167
"1893",53192
"1894",53195
"1895",53197
"1896",53200
"1897",53202
"1898",53205
"1899",53211
"1900",53214
"1901",53227
"1902",53239
"1903",53247
"1904",53271
"1905",53272
"1906",53276
"1907",53282
"1908",53284
"1909",53296
"1910",53312
"1911",53313
"1912",53318
"1913",53324
"1914",53327
"1915",53331
"1916",53333
"1917",53335
"1918",53336
"1919",53338
"1920",53339
"1921",53341
"1922",53342
"1923",53344
"1924",53345
"1925",53346
"1926",53347
"1927",53348
"1928",53351
"1929",53355
"1930",53380
"1931",53381
"1932",53383
"1933",53388
"1934",53404
"1935",53405
"1936",53407
"1937",53415
"1938",53417
"1939",53421
"1940",53455
"1941",53459
"1942",53460
"1943",53465
"1944",53470
"1945",53477
"1946",53494
"1947",53515
"1948",53523
"1949",53550
"1950",53553
"1951",53589
"1952",53593
"1953",53594
"1954",53595
"1955",53604
"1956",53662
"1957",53666
"1958",53668
"1959",53669
"1960",53670
"1961",53699
"1962",53720
"1963",53722
"1964",53723
"1965",53729
"1966",53743
"1967",53752
"1968",53753
"1969",53754
"1970",53755
"1971",53757
"1972",53759
"1973",53766
"1974",53770
"1975",53772
"1976",53773
"1977",53774
"1978",53776
"1979",53777
"1980",53781
"1981",53783
"1982",53785
"1983",53794
"1984",53795
"1985",53808
"1986",53811
"1987",53813
"1988",53814
"1989",53819
"1990",53830
"1991",53834
"1992",53840
"1993",53856
"1994",53862
"1995",53863
"1996",53873
"1997",53893
"1998",53903
"1999",53905
"2000",53908
"2001",53921
"2002",53925
"2003",53926
"2004",53928
"2005",53938
"2006",53939
"2007",53945
"2008",53949
"2009",53955
"2010",53956
"2011",54017
"2012",54020
"2013",54021
"2014",54024
"2015",54031
"2016",54033
"2017",54035
"2018",54039
"2019",54042
"2020",54045
"2021",54046
"2022",54080
"2023",54084
"2024",54085
"2025",54096
"2026",54107
"2027",54110
"2028",54111
"2029",54125
"2030",54126
"2031",54127
"2032",54128
"2033",54135
"2034",54141
"2035",54143
"2036",54150
"2037",54152
"2038",54155
"2039",54161
"2040",54169
"2041",54171
"2042",54180
"2043",54181
"2044",54204
"2045",54217
"2046",54228
"2047",54248
"2048",54252
"2049",54266
"2050",54273
"2051",54276
"2052",54280
"2053",54298
"2054",54301
"2055",54303
"2056",54304
"2057",54309
"2058",54310
"2059",54343
"2060",54348
"2061",54352
"2062",54359
"2063",54361
"2064",54375
"2065",54376
"2066",54381
"2067",54384
"2068",54386
"2069",54390
"2070",54397
"2071",54398
"2072",54410
"2073",54427
"2074",54458
"2075",54459
"2076",54466
"2077",54491
"2078",54494
"2079",54495
"2080",54515
"2081",54520
"2082",54523
"2083",54524
"2084",54528
"2085",54540
"2086",54543
"2087",54554
"2088",54574
"2089",54579
"2090",54592
"2091",54617
"2092",54641
"2093",54649
"2094",54651
"2095",54652
"2096",54656
"2097",54662
"2098",54665
"2099",54692
"2100",54693
"2101",54706
"2102",54707
"2103",54739
"2104",54741
"2105",54762
"2106",54771
"2107",54773
"2108",54779
"2109",54780
"2110",54782
"2111",54788
"2112",54789
"2113",54800
"2114",54801
"2115",54802
"2116",54804
"2117",54805
"2118",54806
"2119",54811
"2120",54815
"2121",54816
"2122",54824
"2123",54830
"2124",54842
"2125",54854
"2126",54869
"2127",54889
"2128",54896
"2129",54924
"2130",54975
"2131",54976
"2132",55013
"2133",55015
"2134",55022
"2135",55030
"2136",55054
"2137",55055
"2138",55064
"2139",55066
"2140",55072
"2141",55076
"2142",55080
"2143",55087
"2144",55099
"2145",55106
"2146",55111
"2147",55112
"2148",55113
"2149",55116
"2150",55118
"2151",55120
"2152",55122
"2153",55133
"2154",55134
"2155",55167
"2156",55236
"2157",55237
"2158",55273
"2159",55278
"2160",55279
"2161",55293
"2162",55298
"2163",55301
"2164",55302
"2165",55304
"2166",55306
"2167",55308
"2168",55457
"2169",55459
"2170",55480
"2171",55499
"2172",55501
"2173",55502
"2174",55505
"2175",55507
"2176",55513
"2177",55516
"2178",55518
"2179",55520
"2180",55523
"2181",55525
"2182",55564
"2183",55572
"2184",55575
"2185",55576
"2186",55582
"2187",55590
"2188",55592
"2189",55593
"2190",55594
"2191",55606
"2192",55607
"2193",55614
"2194",55627
"2195",55636
"2196",55638
"2197",55639
"2198",55656
"2199",55657
"2200",55660
"2201",55661
"2202",55670
"2203",55686
"2204",55705
"2205",55714
"2206",55715
"2207",55716
"2208",55717
"2209",55797
"2210",55798
"2211",55799
"2212",55800
"2213",55801
"2214",55802
"2215",55803
"2216",55817
"2217",55823
"2218",55841
"2219",55843
"2220",55844
"2221",55850
"2222",55851
"2223",55852
"2224",55857
"2225",55860
"2226",55871
"2227",55878
"2228",55881
"2229",55882
"2230",55884
"2231",55901
"2232",55902
"2233",55906
"2234",55908
"2235",55911
"2236",55918
"2237",55919
"2238",55923
"2239",56025
"2240",56035
"2241",56042
"2242",56060
"2243",56078
"2244",56082
"2245",56083
"2246",56085
"2247",56089
"2248",56115
"2249",56116
"2250",56117
"2251",56119
"2252",56121
"2253",56124
"2254",56128
"2255",56130
"2256",56131
"2257",56136
"2258",56162
"2259",56165
"2260",56166
"2261",56167
"2262",56171
"2263",56173
"2264",56178
"2265",56190
"2266",56193
"2267",56225
"2268",56231
"2269",56235
"2270",56237
"2271",56241
"2272",56242
"2273",56243
"2274",56246
"2275",56249
"2276",56252
"2277",56254
"2278",56255
"2279",56256
"2280",56261
"2281",56263
"2282",56264
"2283",56268
"2284",56272
"2285",56274
"2286",56282
"2287",56283
"2288",56315
"2289",56318
"2290",56323
"2291",56324
"2292",56328
"2293",56332
"2294",56334
"2295",56335
"2296",56364
"2297",56368
"2298",56376
"2299",56377
"2300",56378
"2301",56380
"2302",56381
"2303",56382
"2304",56398
"2305",56399
"2306",56400
"2307",56407
"2308",56416
"2309",56417
"2310",56418
"2311",56419
"2312",56420
"2313",56422
"2314",56425
"2315",56463
"2316",56478
"2317",56481
"2318",56485
"2319",56489
"2320",56494
"2321",56498
"2322",56521
"2323",56533
"2324",56541
"2325",56542
"2326",56546
"2327",56550
"2328",56552
"2329",56556
"2330",56557
"2331",56562
"2332",56567
"2333",56584
"2334",56585
"2335",56586
"2336",56596
"2337",56607
"2338",56612
"2339",56625
"2340",56634
"2341",56641
"2342",56646
"2343",56649
"2344",56651
"2345",56658
"2346",56659
"2347",56665
"2348",56668
"2349",56688
"2350",56694
"2351",56695
"2352",56699
"2353",56714
"2354",56715
"2355",56716
"2356",56717
"2357",56720
"2358",56744
"2359",56769
"2360",56771
"2361",56775
"2362",56780
"2363",56781
"2364",56782
"2365",56792
"2366",56798
"2367",56815
"2368",56830
"2369",56836
"2370",56839
"2371",56840
"2372",56841
"2373",56845
"2374",56855
"2375",56865
"2376",56866
"2377",56873
"2378",56876
"2379",56878
"2380",56901
"2381",56905
"2382",56923
"2383",56927
"2384",56930
"2385",56931
"2386",56936
"2387",56939
"2388",56941
"2389",56953
"2390",56962
"2391",56964
"2392",56966
"2393",56974
"2394",56975
"2395",57002
"2396",57004
"2397",57017
"2398",57028
"2399",57030
"2400",57064
"2401",57066
"2402",57070
"2403",57074
"2404",57080
"2405",57081
"2406",57087
"2407",57090
"2408",57091
"2409",57095
"2410",57099
"2411",57102
"2412",57108
"2413",57111
"2414",57119
"2415",57123
"2416",57129
"2417",57130
"2418",57138
"2419",57141
"2420",57143
"2421",57155
"2422",57159
"2423",57161
"2424",57164
"2425",57167
"2426",57172
"2427",57194
"2428",57195
"2429",57197
"2430",57198
"2431",57200
"2432",57201
"2433",57203
"2434",57205
"2435",57207
"2436",57209
"2437",57210
"2438",57214
"2439",57223
"2440",57224
"2441",57225
"2442",57230
"2443",57233
"2444",57235
"2445",57236
"2446",57271
"2447",57280
"2448",57281
"2449",57283
"2450",57284
"2451",57286
"2452",57288
"2453",57289
"2454",57291
"2455",57293
"2456",57294
"2457",57295
"2458",57296
"2459",57298
"2460",57299
"2461",57300
"2462",57311
"2463",57315
"2464",57316
"2465",57317
"2466",57319
"2467",57321
"2468",57325
"2469",57329
"2470",57330
"2471",57333
"2472",57336
"2473",57338
"2474",57351
"2475",57353
"2476",57365
"2477",57398
"2478",57407
"2479",57408
"2480",57409
"2481",57410
"2482",57411
"2483",57416
"2484",57421
"2485",57422
"2486",57423
"2487",57424
"2488",57429
"2489",57434
"2490",57440
"2491",57442
"2492",57446
"2493",57447
"2494",57457
"2495",57458
"2496",57461
"2497",57493
"2498",57494
"2499",57496
"2500",57501
"2501",57502
"2502",57505
"2503",57507
"2504",57508
"2505",57509
"2506",57510
"2507",57511
"2508",57513
"2509",57516
"2510",57518
"2511",57521
"2512",57522
"2513",57523
"2514",57524
"2515",57527
"2516",57528
"2517",57529
"2518",57530
"2519",57533
"2520",57536
"2521",57538
"2522",57539
"2523",57543
"2524",57547
"2525",57548
"2526",57554
"2527",57558
"2528",57567
"2529",57568
"2530",57570
"2531",57572
"2532",57575
"2533",57588
"2534",57597
"2535",57598
"2536",57600
"2537",57602
"2538",57603
"2539",57604
"2540",57607
"2541",57608
"2542",57609
"2543",57610
"2544",57624
"2545",57626
"2546",57627
"2547",57636
"2548",57638
"2549",57639
"2550",57641
"2551",57646
"2552",57648
"2553",57649
"2554",57650
"2555",57651
"2556",57672
"2557",57673
"2558",57677
"2559",57678
"2560",57679
"2561",57681
"2562",57682
"2563",57683
"2564",57684
"2565",57689
"2566",57690
"2567",57693
"2568",57696
"2569",57699
"2570",57702
"2571",57703
"2572",57706
"2573",57711
"2574",57717
"2575",57720
"2576",57721
"2577",57722
"2578",57724
"2579",57725
"2580",57729
"2581",57730
"2582",57731
"2583",57761
"2584",57762
"2585",57770
"2586",57774
"2587",57777
"2588",57779
"2589",57789
"2590",57791
"2591",57792
"2592",57794
"2593",57812
"2594",57813
"2595",57814
"2596",57819
"2597",57830
"2598",57863
"2599",57864
"2600",57866
"2601",57869
"2602",57876
"2603",57879
"2604",57880
"2605",57884
"2606",57886
"2607",57889
"2608",57890
"2609",57896
"2610",57897
"2611",57899
"2612",57903
"2613",57908
"2614",57910
"2615",57913
"2616",57916
"2617",57921
"2618",57922
"2619",57924
"2620",57926
"2621",57936
"2622",57941
"2623",57943
"2624",57947
"2625",57966
"2626",57969
"2627",57971
"2628",57987
"2629",57991
"2630",57993
"2631",57994
"2632",57995
"2633",57996
"2634",58003
"2635",58005
"2636",58006
"2637",58008
"2638",58009
"2639",58010
"2640",58019
"2641",58021
"2642",58022
"2643",58023
"2644",58025
"2645",58035
"2646",58036
"2647",58037
"2648",58038
"2649",58039
"2650",58042
"2651",58046
"2652",58051
"2653",58053
"2654",58054
"2655",58063
"2656",58064
"2657",58065
"2658",58067
"2659",58069
"2660",58102
"2661",58106
"2662",58109
"2663",58135
"2664",58136
"2665",58139
"2666",58141
"2667",58143
"2668",58146
"2669",58154
"2670",58155
"2671",58156
"2672",58157
"2673",58161
"2674",58199
"2675",58205
"2676",58208
"2677",58216
"2678",58222
"2679",58223
"2680",58226
"2681",58227
"2682",58237
"2683",58239
"2684",58243
"2685",58245
"2686",58247
"2687",58248
"2688",58252
"2689",58253
"2690",58254
"2691",58255
"2692",58260
"2693",58261
"2694",58262
"2695",58265
"2696",58266
"2697",58267
"2698",58268
"2699",58270
"2700",58275
"2701",58277
"2702",58278
"2703",58279
"2704",58280
"2705",58284
"2706",58285
"2707",58286
"2708",58288
"2709",58290
"2710",58291
"2711",58293
"2712",58296
"2713",58297
"2714",58298
"2715",58299
"2716",58305
"2717",58313
"2718",58316
"2719",58327
"2720",58338
"2721",58340
"2722",58345
"2723",58348
"2724",58350
"2725",58351
"2726",58355
"2727",58358
"2728",58361
"2729",58362
"2730",58366
"2731",58368
"2732",58369
"2733",58370
"2734",58371
"2735",58377
"2736",58380
"2737",58382
"2738",58384
"2739",58385
"2740",58387
"2741",58388
"2742",58390
"2743",58391
"2744",58392
"2745",58393
"2746",58394
"2747",58399
"2748",58468
"2749",58489
"2750",58490
"2751",58492
"2752",58495
"2753",58520
"2754",58522
"2755",58524
"2756",58525
"2757",58548
"2758",58555
"2759",58556
"2760",58575
"2761",58576
"2762",58577
"2763",58578
"2764",58581
"2765",58582
"2766",58583
"2767",58586
"2768",58587
"2769",58590
"2770",58591
"2771",58593
"2772",58602
"2773",58603
"2774",58605
"2775",58609
"2776",58613
"2777",58616
"2778",58618
"2779",58620
"2780",58621
"2781",58622
"2782",58624
"2783",58626
"2784",58627
"2785",58628
"2786",58629
"2787",58632
"2788",58642
"2789",58647
"2790",58649
"2791",58656
"2792",58678
"2793",58679
"2794",58681
"2795",58682
"2796",58684
"2797",58695
"2798",58696
"2799",58702
"2800",58705
"2801",58706
"2802",58709
"2803",58710
"2804",58715
"2805",58718
"2806",58720
"2807",58722
"2808",58724
"2809",58731
"2810",58732
"2811",58736
"2812",58741
"2813",58746
"2814",58752
"2815",58755
"2816",58756
"2817",58758
"2818",58763
"2819",58769
"2820",58772
"2821",58773
"2822",58774
"2823",58775
"2824",58776
"2825",58779
"2826",58781
"2827",58784
"2828",58788
"2829",58792
"2830",58793
"2831",58804
"2832",58807
"2833",58811
"2834",58816
"2835",58817
"2836",58823
"2837",58824
"2838",58826
"2839",58834
"2840",58837
"2841",58841
"2842",58843
"2843",58844
"2844",58847
"2845",58861
"2846",58863
"2847",58866
"2848",58867
"2849",58873
"2850",58875
"2851",58876
"2852",58881
"2853",58885
"2854",58886
"2855",58893
"2856",58896
"2857",58905
"2858",58959
"2859",58960
"2860",58962
"2861",58963
"2862",58964
"2863",58966
"2864",58967
"2865",58972
"2866",58977
"2867",58978
"2868",58979
"2869",58980
"2870",58984
"2871",58986
"2872",58989
"2873",58990
"2874",58992
"2875",58998
"2876",58999
"2877",59002
"2878",59003
"2879",59005
"2880",59006
"2881",59008
"2882",59009
"2883",59011
"2884",59012
"2885",59013
"2886",59016
"2887",59017
"2888",59020
"2889",59024
"2890",59025
"2891",59026
"2892",59031
"2893",59032
"2894",59047
"2895",59048
"2896",59049
"2897",59051
"2898",59052
"2899",59053
"2900",59054
"2901",59056
"2902",59057
"2903",59058
"2904",59078
"2905",59079
"2906",59081
"2907",59101
"2908",59112
"2909",59121
"2910",59126
"2911",59127
"2912",59129
"2913",59131
"2914",59132
"2915",59133
"2916",59136
"2917",59140
"2918",59144
"2919",59145
"2920",59146
"2921",59151
"2922",59153
"2923",59155
"2924",59156
"2925",59158
"2926",59159
"2927",59161
"2928",59163
"2929",59164
"2930",59167
"2931",59171
"2932",59173
"2933",59174
"2934",59175
"2935",59178
"2936",59180
"2937",59181
"2938",59182
"2939",59183
"2940",59185
"2941",59220
"2942",59224
"2943",59250
"2944",59252
"2945",59253
"2946",59254
"2947",59258
"2948",59259
"2949",59260
"2950",59263
"2951",59265
"2952",59266
"2953",59267
"2954",59269
"2955",59270
"2956",59271
"2957",59273
"2958",59274
"2959",59275
"2960",59279
"2961",59298
"2962",59321
"2963",59361
"2964",59363
"2965",59364
"2966",59365
"2967",59366
"2968",59370
"2969",59371
"2970",59374
"2971",59375
"2972",59426
"2973",59429
"2974",59430
"2975",59431
"2976",59432
"2977",59434
"2978",59435
"2979",59437
"2980",59439
"2981",59441
"2982",59442
"2983",59443
"2984",59444
"2985",59445
"2986",59446
"2987",59447
"2988",59448
"2989",59451
"2990",59466
"2991",59469
"2992",59470
"2993",59484
"2994",59590
"2995",59591
"2996",59592
"2997",59595
"2998",59597
"2999",59600
"3000",59601
"3001",59605
"3002",59606
"3003",59607
"3004",59608
"3005",59614
"3006",59615
"3007",59616
"3008",59617
"3009",59620
"3010",59623
"3011",59627
"3012",59628
"3013",59631
"3014",59634
"3015",59637
"3016",59639
"3017",59642
"3018",59644
"3019",59648
"3020",59654
"3021",59656
"3022",59660
"3023",59661
"3024",59662
"3025",59663
"3026",59670
"3027",59673
"3028",59675
"3029",59676
"3030",59681
"3031",59689
"3032",59705
"3033",59707
"3034",59710
"3035",59712
"3036",59714
"3037",59716
"3038",59718
"3039",59719
"3040",59720
"3041",59721
"3042",59722
"3043",59723
"3044",59724
"3045",59725
"3046",59726
"3047",59727
"3048",59728
"3049",59729
"3050",59730
"3051",59734
"3052",59763
"3053",59765
"3054",59767
"3055",59799
"3056",59800
"3057",59801
"3058",59802
"3059",59805
"3060",59808
"3061",59812
"3062",59816
"3063",59817
"3064",59818
"3065",59819
"3066",59821
"3067",59822
"3068",59831
"3069",59832
"3070",59835
"3071",59840
"3072",59843
"3073",59844
"3074",59845
"3075",59846
"3076",59849
"3077",59852
"3078",59859
"3079",59861
"3080",59863
"3081",59865
"3082",59866
"3083",59874
"3084",59875
"3085",59877
"3086",59878
"3087",59881
"3088",59882
"3089",59883
"3090",59884
"3091",59885
"3092",59886
"3093",59887
"3094",59889
"3095",59892
"3096",59893
"3097",59894
"3098",59901
"3099",59907
"3100",59908
"3101",59909
"3102",59910
"3103",59917
"3104",59923
"3105",59925
"3106",59926
"3107",59927
"3108",59928
"3109",59929
"3110",59932
"3111",59933
"3112",59935
"3113",59942
"3114",59943
"3115",59944
"3116",59945
"3117",59948
"3118",59949
"3119",59950
"3120",59952
"3121",59953
"3122",59954
"3123",59955
"3124",59958
"3125",59961
"3126",59963
"3127",59965
"3128",59966
"3129",59967
"3130",59971
"3131",59972
"3132",59974
"3133",59981
"3134",59984
"3135",59988
"3136",59989
"3137",59991
"3138",59992
"3139",59995
"3140",59996
"3141",59999
"3142",60002
"3143",60003
"3144",60004
"3145",60007
"3146",60010
"3147",60016
"3148",60017
"3149",60018
"3150",60022
"3151",60027
"3152",60028
"3153",60029
"3154",60030
"3155",60031
"3156",60033
"3157",60042
"3158",60051
"3159",60054
"3160",60055
"3161",60056
"3162",60057
"3163",60068
"3164",60069
"3165",60070
"3166",60072
"3167",60081
"3168",60082
"3169",60084
"3170",60085
"3171",60087
"3172",60093
"3173",60095
"3174",60100
"3175",60103
"3176",60104
"3177",60107
"3178",60108
"3179",60109
"3180",60110
"3181",60111
"3182",60112
"3183",60113
"3184",60122
"3185",60123
"3186",60124
"3187",60125
"3188",60126
"3189",60128
"3190",60130
"3191",60134
"3192",60162
"3193",60166
"3194",60167
"3195",60169
"3196",60174
"3197",60176
"3198",60178
"3199",60180
"3200",60181
"3201",60182
"3202",60185
"3203",60190
"3204",60210
"3205",60212
"3206",60213
"3207",60216
"3208",60217
"3209",60218
"3210",60222
"3211",60225
"3212",60226
"3213",60233
"3214",60235
"3215",60236
"3216",60239
"3217",60240
"3218",60243
"3219",60244
"3220",60246
"3221",60253
"3222",60254
"3223",60255
"3224",60257
"3225",60259
"3226",60314
"3227",60315
"3228",60318
"3229",60320
"3230",60322
"3231",60326
"3232",60331
"3233",60335
"3234",60336
"3235",60339
"3236",60340
"3237",60341
"3238",60362
"3239",60364
"3240",60385
"3241",60386
"3242",60387
"3243",60388
"3244",60389
"3245",60391
"3246",60393
"3247",60395
"3248",60397
"3249",60398
"3250",60399
"3251",60400
"3252",60401
"3253",60404
"3254",60405
"3255",60406
"3256",60407
"3257",60409
"3258",60412
"3259",60413
"3260",60415
"3261",60418
"3262",60444
"3263",60445
"3264",60446
"3265",60448
"3266",60450
"3267",60451
"3268",60453
"3269",60480
"3270",60481
"3271",60482
"3272",60483
"3273",60484
"3274",60488
"3275",60490
"3276",60491
"3277",60510
"3278",60516
"3279",60518
"3280",60522
"3281",60523
"3282",60524
"3283",60525
"3284",60526
"3285",60527
"3286",60528
"3287",60547
"3288",60557
"3289",60559
"3290",60563
"3291",60564
"3292",60568
"3293",60581
"3294",60588
"3295",60591
"3296",60593
"3297",60594
"3298",60595
"3299",60604
"3300",60609
"3301",60610
"3302",60612
"3303",60613
"3304",60614
"3305",60616
"3306",60618
"3307",60619
"3308",60620
"3309",60625
"3310",60626
"3311",60627
"3312",60635
"3313",60636
"3314",60639
"3315",60640
"3316",60644
"3317",60645
"3318",60658
"3319",60660
"3320",60662
"3321",60664
"3322",60665
"3323",60666
"3324",60668
"3325",60673
"3326",60675
"3327",60678
"3328",60679
"3329",60681
"3330",60684
"3331",60685
"3332",60686
"3333",60687
"3334",60689
"3335",60690
"3336",60691
"3337",60692
"3338",60693
"3339",60694
"3340",60695
"3341",60697
"3342",60698
"3343",60700
"3344",60702
"3345",60703
"3346",60704
"3347",60708
"3348",60729
"3349",60730
"3350",60733
"3351",60735
"3352",60740
"3353",60744
"3354",60749
"3355",60751
"3356",60754
"3357",60778
"3358",60784
"3359",60788
"3360",60790
"3361",60791
"3362",60792
"3363",60793
"3364",60794
"3365",60795
"3366",60799
"3367",60801
"3368",60803
"3369",60804
"3370",60807
"3371",60808
"3372",60809
"3373",60811
"3374",60812
"3375",60813
"3376",60814
"3377",60815
"3378",60817
"3379",60821
"3380",60828
"3381",60830
"3382",60832
"3383",60835
"3384",60836
"3385",60838
"3386",60839
"3387",60848
"3388",60854
"3389",60857
"3390",60858
"3391",60860
"3392",60862
"3393",60865
"3394",60866
"3395",60867
"3396",60873
"3397",60875
"3398",60877
"3399",60878
"3400",60879
"3401",60880
"3402",60882
"3403",60885
"3404",60887
"3405",60890
"3406",60891
"3407",60892
"3408",60893
"3409",60894
"3410",60896
"3411",60897
"3412",60898
"3413",60899
"3414",60900
"3415",60901
"3416",60902
"3417",60905
"3418",60917
"3419",60918
"3420",60919
"3421",60920
"3422",60921
"3423",60922
"3424",60923
"3425",60925
"3426",60931
"3427",60933
"3428",60938
"3429",60939
"3430",60989
"3431",60992
"3432",60995
"3433",60998
"3434",60999
"3435",61002
"3436",61009
"3437",61013
"3438",61014
"3439",61017
"3440",61018
"3441",61020
"3442",61024
"3443",61042
"3444",61057
"3445",61059
"3446",61061
"3447",61063
"3448",61064
"3449",61066
"3450",61068
"3451",61069
"3452",61070
"3453",61071
"3454",61073
"3455",61074
"3456",61075
"3457",61076
"3458",61078
"3459",61082
"3460",61084
"3461",61086
"3462",61089
"3463",61090
"3464",61093
"3465",61096
"3466",61104
"3467",61108
"3468",61109
"3469",61116
"3470",61117
"3471",61118
"3472",61123
"3473",61124
"3474",61126
"3475",61128
"3476",61129
"3477",61130
"3478",61131
"3479",61132
"3480",61134
"3481",61135
"3482",61136
"3483",61139
"3484",61142
"3485",61145
"3486",61146
"3487",61147
"3488",61149
"3489",61150
"3490",61151
"3491",61155
"3492",61180
"3493",61182
"3494",61188
"3495",61190
"3496",61191
"3497",61192
"3498",61197
"3499",61199
"3500",61200
"3501",61201
"3502",61203
"3503",61205
"3504",61206
"3505",61207
"3506",61208
"3507",61209
"3508",61218
"3509",61223
"3510",61237
"3511",61239
"3512",61240
"3513",61241
"3514",61242
"3515",61246
"3516",61249
"3517",61250
"3518",61267
"3519",61273
"3520",61274
"3521",61275
"3522",61276
"3523",61279
"3524",61280
"3525",61283
"3526",61284
"3527",61286
"3528",61287
"3529",61289
"3530",61292
"3531",61293
"3532",61294
"3533",61298
"3534",61299
"3535",61301
"3536",61309
"3537",61310
"3538",61311
"3539",61312
"3540",61314
"3541",61316
"3542",61317
"3543",61318
"3544",61319
"3545",61320
"3546",61321
"3547",61322
"3548",61323
"3549",61339
"3550",61340
"3551",61341
"3552",61343
"3553",61344
"3554",61346
"3555",61347
"3556",61349
"3557",61350
"3558",61351
"3559",61352
"3560",61353
"3561",61354
"3562",61356
"3563",61357
"3564",61358
"3565",61360
"3566",61361
"3567",61362
"3568",61363
"3569",61364
"3570",61365
"3571",61366
"3572",61367
"3573",61368
"3574",61369
"3575",61370
"3576",61371
"3577",61373
"3578",61375
"3579",61376
"3580",61377
"3581",61378
"3582",61382
"3583",61384
"3584",61385
"3585",61386
"3586",61387
"3587",61389
"3588",61391
"3589",61396
"3590",61397
"3591",61400
"3592",61402
"3593",61403
"3594",61404
"3595",61424
"3596",61426
"3597",61427
"3598",61428
"3599",61429
"3600",61430
"3601",61431
"3602",61432
"3603",61433
"3604",61434
"3605",61435
"3606",61436
"3607",61437
"3608",61438
"3609",61439
"3610",61440
"3611",61441
"3612",61443
"3613",61444
"3614",61447
"3615",61450
"3616",61455
"3617",61460
"3618",61462
"3619",61465
"3620",61467
"3621",61468
"3622",61469
"3623",61470
"3624",61481
"3625",61482
"3626",61483
"3627",61514
"3628",61521
"3629",61525
"3630",61528
"3631",61533
"3632",61535
"3633",61536
"3634",61537
"3635",61538
"3636",61539
"3637",61543
"3638",61544
"3639",61546
"3640",61547
"3641",61548
"3642",61549
"3643",61551
"3644",61563
"3645",61564
"3646",61572
"3647",61573
"3648",61574
"3649",61575
"3650",61577
"3651",61579
"3652",61580
"3653",61581
"3654",61582
"3655",61584
"3656",61586
"3657",61587
"3658",61588
"3659",61590
"3660",61591
"3661",61592
"3662",61595
"3663",61596
"3664",61597
"3665",61598
"3666",61599
"3667",61600
"3668",61601
"3669",61602
"3670",61603
"3671",61604
"3672",61606
"3673",61607
"3674",61608
"3675",61609
"3676",61610
"3677",61611
"3678",61612
"3679",61613
"3680",61615
"3681",61616
"3682",61617
"3683",61619
"3684",61621
"3685",61623
"3686",61624
"3687",61625
"3688",61626
"3689",61628
"3690",61631
"3691",61632
"3692",61634
"3693",61637
"3694",61639
"3695",61640
"3696",61641
"3697",61642
"3698",61643
"3699",61644
"3700",61645
"3701",61648
"3702",61649
"3703",61652
"3704",61727
"3705",61729
"3706",61730
"3707",61731
"3708",61732
"3709",61733
"3710",61734
"3711",61737
"3712",61742
"3713",61744
"3714",61747
"3715",61748
"3716",61750
"3717",61751
"3718",61752
"3719",61754
"3720",61756
"3721",61757
"3722",61760
"3723",61762
"3724",61763
"3725",61764
"3726",61766
"3727",61768
"3728",61771
"3729",61772
"3730",61773
"3731",61775
"3732",61777
"3733",61778
"3734",61779
"3735",61780
"3736",61781
"3737",61783
"3738",61785
"3739",61786
"3740",61787
"3741",61792
"3742",61836
"3743",61837
"3744",61838
"3745",61839
"3746",61840
"3747",61841
"3748",61849
"3749",61850
"3750",61851
"3751",61853
"3752",61856
"3753",61857
"3754",61858
"3755",61859
"3756",61862
"3757",61863
"3758",61885
"3759",61886
"3760",61890
"3761",61891
"3762",61893
"3763",61894
"3764",61895
"3765",61896
"3766",61897
"3767",61912
"3768",61913
"3769",61914
"3770",61915
"3771",61916
"3772",61917
"3773",61918
"3774",61929
"3775",61930
"3776",61931
"3777",61932
"3778",61933
"3779",61934
"3780",61935
"3781",61936
"3782",61946
"3783",61947
"3784",61948
"3785",61949
"3786",61950
"3787",61951
"3788",61952
"3789",61955
"3790",61972
"3791",61973
"3792",61977
"3793",61979
"3794",61980
"3795",61998
"3796",62001
"3797",62002
"3798",62004
"3799",62005
"3800",62006
"3801",62007
"3802",62015
"3803",62030
"3804",62031
"3805",62032
"3806",62033
"3807",62034
"3808",62035
"3809",62036
"3810",62037
"3811",62038
"3812",62039
"3813",62041
"3814",62043
"3815",62048
"3816",62050
"3817",62051
"3818",62052
"3819",62053
"3820",62054
"3821",62055
"3822",62057
"3823",62058
"3824",62059
"3825",62061
"3826",62062
"3827",62063
"3828",62067
"3829",62070
"3830",62074
"3831",62075
"3832",62081
"3833",62082
"3834",62088
"3835",62091
"3836",62092
"3837",62093
"3838",62097
"3839",62098
"3840",62099
"3841",62100
"3842",62101
"3843",62102
"3844",62106
"3845",62109
"3846",62110
"3847",62111
"3848",62112
"3849",62113
"3850",62114
"3851",62115
"3852",62116
"3853",62117
"3854",62118
"3855",62119
"3856",62121
"3857",62124
"3858",62125
"3859",62127
"3860",62128
"3861",62130
"3862",62135
"3863",62136
"3864",62139
"3865",62140
"3866",62141
"3867",62142
"3868",62144
"3869",62145
"3870",62147
"3871",62148
"3872",62149
"3873",62150
"3874",62151
"3875",62152
"3876",62153
"3877",62154
"3878",62156
"3879",62157
"3880",62158
"3881",62159
"3882",62161
"3883",62164
"3884",62166
"3885",62167
"3886",62168
"3887",62175
"3888",62178
"3889",62181
"3890",62198
"3891",62217
"3892",62218
"3893",62219
"3894",62220
"3895",62221
"3896",62223
"3897",62230
"3898",62232
"3899",62233
"3900",62234
"3901",62235
"3902",62236
"3903",62239
"3904",62240
"3905",62241
"3906",62242
"3907",62243
"3908",62245
"3909",62246
"3910",62247
"3911",62249
"3912",62250
"3913",62251
"3914",62252
"3915",62253
"3916",62254
"3917",62255
"3918",62256
"3919",62257
"3920",62260
"3921",62261
"3922",62265
"3923",62266
"3924",62267
"3925",62268
"3926",62269
"3927",62271
"3928",62272
"3929",62273
"3930",62274
"3931",62275
"3932",62276
"3933",62277
"3934",62278
"3935",62279
"3936",62280
"3937",62281
"3938",62282
"3939",62283
"3940",62284
"3941",62285
"3942",62286
"3943",62287
"3944",62288
"3945",62289
"3946",62290
"3947",62291
"3948",62292
"3949",62293
"3950",62294
"3951",62295
"3952",62296
"3953",62297
"3954",62299
"3955",62300
"3956",62301
"3957",62302
"3958",62303
"3959",62304
"3960",62323
"3961",62324
"3962",62325
"3963",62326
"3964",62327
"3965",62328
"3966",62329
"3967",62330
"3968",62331
"3969",62334
"3970",62335
"3971",62336
"3972",62337
"3973",62339
"3974",62340
"3975",62342
"3976",62343
"3977",62344
"3978",62346
"3979",62347
"3980",62348
"3981",62349
"3982",62350
"3983",62352
"3984",62353
"3985",62354
"3986",62355
"3987",62356
"3988",62365
"3989",62366
"3990",62367
"3991",62368
"3992",62369
"3993",62370
"3994",62371
"3995",62381
"3996",62382
"3997",62383
"3998",62384
"3999",62392
"4000",62393
"4001",62395
"4002",62396
"4003",62397
"4004",62398
"4005",62399
"4006",62400
"4007",62401
"4008",62402
"4009",62403
"4010",62404
"4011",62406
"4012",62407
"4013",62408
"4014",62409
"4015",62413
"4016",62415
"4017",62416
"4018",62417
"4019",62418
"4020",62420
"4021",62421
"4022",62422
"4023",62423
"4024",62427
"4025",62428
"4026",62430
"4027",62434
"4028",62435
"4029",62436
"4030",62437
"4031",62438
"4032",62452
"4033",62455
"4034",62457
"4035",62459
"4036",62460
"4037",62461
"4038",62470
"4039",62499
"4040",62500
"4041",62501
"4042",62502
"4043",62503
"4044",62504
"4045",62505
"4046",62506
"4047",62508
"4048",62509
"4049",62510
"4050",62511
"4051",62512
"4052",62513
"4053",62514
"4054",62535
"4055",62537
"4056",62538
"4057",62539
"4058",62540
"4059",62541
"4060",62542
"4061",62545
"4062",62562
"4063",62563
"4064",62567
"4065",62571
"4066",62578
"4067",62579
"4068",62580
"4069",62582
"4070",62583
"4071",62584
"4072",62585
"4073",62586
"4074",62587
"4075",62588
"4076",62589
"4077",62590
"4078",62591
"4079",62592
"4080",62593
"4081",62594
"4082",62596
"4083",62597
"4084",62598
"4085",62599
"4086",62600
"4087",62601
"4088",62602
"4089",62603
"4090",62604
"4091",62605
"4092",62606
"4093",62607
"4094",62608
"4095",62609
"4096",62610
"4097",62611
"4098",62612
"4099",62613
"4100",62614
"4101",62615
"4102",62616
"4103",62617
"4104",62619
"4105",62620
"4106",62621
"4107",62622
"4108",62623
"4109",62632
"4110",62633
"4111",62634
"4112",62635
"4113",62636
"4114",62637
"4115",62638
"4116",62639
"4117",62640
"4118",62641
"4119",62642
"4120",62649
"4121",62650
"4122",62651
"4123",62652
"4124",62653
"4125",62654
"4126",62655
"4127",62656
"4128",62657
"4129",62660
"4130",62661
"4131",62662
"4132",62663
"4133",62664
"4134",62665
"4135",62666
"4136",62667
"4137",62668
"4138",62683
"4139",62684
"4140",62744
"4141",62745
"4142",62748
"4143",62749
"4144",62750
"4145",62751
"4146",62752
"4147",62753
"4148",62755
"4149",62759
"4150",62760
"4151",62761
"4152",62763
"4153",62765
"4154",62766
"4155",62767
"4156",62768
"4157",62769
"4158",62771
"4159",62772
"4160",62774
"4161",62775
"4162",62776
"4163",62777
"4164",62778
"4165",62779
"4166",62789
"4167",62790
"4168",62791
"4169",62792
"4170",62809
"4171",62810
"4172",62811
"4173",62812
"4174",62813
"4175",62814
"4176",62815
"4177",62816
"4178",62817
"4179",62818
"4180",62819
"4181",62820
"4182",62834
"4183",62835
"4184",62836
"4185",62837
"4186",62838
"4187",62839
"4188",62840
"4189",62841
"4190",62842
"4191",62843
"4192",62844
"4193",62845
"4194",62846
"4195",62847
"4196",62848
"4197",62849
"4198",62850
"4199",62851
"4200",62852
"4201",62853
"4202",62855
"4203",62862
"4204",62863
"4205",62864
"4206",62871
"4207",62872
"4208",62873
"4209",62874
"4210",62875
"4211",62876
"4212",62878
"4213",62879
"4214",62880
"4215",62881
"4216",62882
"4217",62883
"4218",62885
"4219",62886
"4220",62887
"4221",62888
"4222",62889
"4223",62890
"4224",62891
"4225",62892
"4226",62893
"4227",62894
"4228",62895
"4229",62896
"4230",62898
"4231",62899
"4232",62900
"4233",62901
"4234",62902
"4235",62903
"4236",62904
"4237",62905
"4238",62906
"4239",62907
"4240",62908
"4241",62909
"4242",62910
"4243",62911
"4244",62912
"4245",62913
"4246",62914
"4247",62920
"4248",62922
"4249",62923
"4250",62924
"4251",62926
"4252",62927
"4253",62928
"4254",62929
"4255",62930
"4256",62931
"4257",62933
"4258",62934
"4259",62935
"4260",62941
"4261",62942
"4262",62986
"4263",62987
"4264",62988
"4265",62989
"4266",62990
"4267",62991
"4268",62992
"4269",62993
"4270",62994
"4271",62995
"4272",62996
"4273",62997
"4274",62998
"4275",62999
"4276",63000
"4277",63001
"4278",63002
"4279",63003
"4280",63004
"4281",63005
"4282",63006
"4283",63007
"4284",63008
"4285",63009
"4286",63010
"4287",63011
"4288",63012
"4289",63013
"4290",63014
"4291",63016
"4292",63025
"4293",63026
"4294",63027
"4295",63028
"4296",63029
"4297",63030
"4298",63072
"4299",63073
"4300",63074
"4301",63075
"4302",63076
"4303",63078
"4304",63079
"4305",63080
"4306",63098
"4307",63103
"4308",63104
"4309",63143
"4310",63145
"4311",63146
"4312",63147
"4313",63148
"4314",63150
"4315",63151
"4316",63152
"4317",63153
"4318",63154
"4319",63155
"4320",63156
"4321",63157
"4322",63158
"4323",63159
"4324",63160
"4325",63161
"4326",63162
"4327",63163
"4328",63164
"4329",63165
"4330",63166
"4331",63167
"4332",63168
"4333",63169
"4334",63170
"4335",63171
"4336",63172
"4337",63173
"4338",63174
"4339",63175
"4340",63176
"4341",63177
"4342",63178
"4343",63179
"4344",63180
"4345",63181
"4346",63182
"4347",63183
"4348",63184
"4349",63185
"4350",63196
"4351",63197
"4352",63198
"4353",63199
"4354",63200
"4355",63201
"4356",63202
"4357",63203
"4358",63204
"4359",63206
"4360",63207
"4361",63208
"4362",63209
"4363",63210
"4364",63211
"4365",63212
"4366",63213
"4367",63214
"4368",63215
"4369",63216
"4370",63217
"4371",63218
"4372",63219
"4373",63220
"4374",63221
"4375",63222
"4376",63223
"4377",63224
"4378",63225
"4379",63226
"4380",63227
"4381",63228
"4382",63229
"4383",63230
"4384",63231
"4385",63232
"4386",63233
"4387",63234
"4388",63235
"4389",63236
"4390",63237
"4391",63238
"4392",63239
"4393",63240
"4394",63261
"4395",63262
"4396",63263
"4397",63264
"4398",63265
"4399",63266
"4400",63267
"4401",63268
"4402",63269
"4403",63270
"4404",63271
"4405",63272
"4406",63273
"4407",63274
"4408",63275
"4409",63276
"4410",63277
"4411",63278
"4412",63279
"4413",63280
"4414",63281
"4415",63282
"4416",63283
"4417",63284
"4418",63285
"4419",63286
"4420",63287
"4421",63288
"4422",63289
"4423",63304
"4424",63305
"4425",63306
"4426",63307
"4427",63308
"4428",63309
"4429",63310
"4430",63311
"4431",63312
"4432",63313
"4433",63314
"4434",63315
"4435",63316
"4436",63317
"4437",63318
"4438",63319
"4439",63320
"4440",63321
"4441",63322
"4442",63329
"4443",63330
"4444",63331
"4445",63332
"4446",63333
"4447",63334
"4448",63335
"4449",63336
"4450",63337
"4451",63338
"4452",63339
"4453",63340
"4454",63341
"4455",63342
"4456",63350
"4457",63351
"4458",63352
"4459",63353
"4460",63354
"4461",63355
"4462",63356
"4463",63357
"4464",63358
"4465",63359
"4466",63360
"4467",63380
"4468",63381
"4469",63382
"4470",63383
"4471",63384
"4472",63385
"4473",63386
"4474",63387
"4475",63389
"4476",63390
"4477",63391
"4478",63392
"4479",63393
"4480",63394
"4481",63432
"4482",63433
"4483",63434
"4484",63435
"4485",63436
"4486",63437
"4487",63438
"4488",63439
"4489",63440
"4490",63441
"4491",63442
"4492",63443
"4493",63444
"4494",63445
"4495",63446
"4496",63447
"4497",63448
"4498",63449
"4499",63450
"4500",63451
"4501",63452
"4502",63453
"4503",63454
"4504",63455
"4505",63456
"4506",63457
"4507",63458
"4508",63459
"4509",63460
"4510",63461
"4511",63462
"4512",63463
"4513",63464
"4514",63465
"4515",63466
"4516",63467
"4517",63468
"4518",63469
"4519",63470
"4520",63471
"4521",63472
"4522",63473
"4523",63474
"4524",63475
"4525",63476
"4526",63477
"4527",63478
"4528",63479
"4529",63480
"4530",63481
"4531",63482
"4532",63483
"4533",63484
"4534",63485
"4535",63486
"4536",63487
"4537",63488
"4538",63489
"4539",63490
"4540",63491
"4541",63492
"4542",63493
"4543",63534
"4544",63535
"4545",63537
"4546",63538
"4547",63539
"4548",63540
"4549",63541
"4550",63542
"4551",63543
"4552",63544
"4553",63545
"4554",63546
"4555",63547
"4556",63548
"4557",63549
"4558",63550
"4559",63551
"4560",63552
"4561",63553
"4562",63554
"4563",63555
"4564",63556
"4565",63557
"4566",63558
"4567",63559
"4568",63560
"4569",63561
"4570",63562
"4571",63563
"4572",63564
"4573",63565
"4574",63566
"4575",63567
"4576",63568
"4577",63569
"4578",63570
"4579",63571
"4580",63572
"4581",63573
"4582",63574
"4583",63575
"4584",63576
"4585",63577
"4586",63578
"4587",63600
"4588",63601
"4589",63602
"4590",63603
"4591",63604
"4592",63605
"4593",63606
"4594",63607
"4595",63608
"4596",63609
"4597",63610
"4598",63640
"4599",63641
"4600",63642
"4601",63643
"4602",63644
"4603",63645
"4604",63646
"4605",63647
"4606",63648
"4607",63651
"4608",63652
"4609",63653
"4610",63654
"4611",63655
"4612",63656
"4613",63657
"4614",63658
"4615",63659
"4616",63660
"4617",63661
"4618",63662
"4619",63663
"4620",63664
"4621",63665
"4622",63666
"4623",63667
"4624",63668
"4625",63669
"4626",63670
"4627",63671
"4628",63672
"4629",63673
"4630",63679
"4631",63680
"4632",63681
"4633",63682
"4634",63683
"4635",63684
"4636",63685
"4637",63686
"4638",63687
"4639",63688
"4640",63689
"4641",63690
"4642",63691
"4643",63692
"4644",63693
"4645",63694
"4646",63695
"4647",63697
"4648",63698
"4649",63699
"4650",63700
"4651",63701
"4652",63702
"4653",63703
"4654",63704
"4655",63705
"4656",63706
"4657",63707
"4658",63708
"4659",63709
"4660",63710
"4661",63711
"4662",63712
"4663",63734
"4664",63735
"4665",63736
"4666",63737
"4667",63738
"4668",63739
"4669",63740
"4670",63741
"4671",63742
"4672",63743
"4673",63744
"4674",63745
"4675",63746
"4676",63747
"4677",63748
"4678",63749
"4679",63750
"4680",63751
"4681",63752
"4682",63753
"4683",63754
"4684",63755
"4685",63756
"4686",63757
"4687",63758
"4688",63759
"4689",63760
"4690",63761
"4691",63762
"4692",63763
"4693",63764
"4694",63765
"4695",63766
"4696",63767
"4697",63768
"4698",63769
"4699",63770
"4700",63771
"4701",63772
"4702",63773
"4703",63774
"4704",63775
"4705",63776
"4706",63777
"4707",63778
"4708",63779
"4709",63780
"4710",63781
"4711",63782
"4712",63783
"4713",63784
"4714",63799
"4715",63800
"4716",63801
"4717",63802
"4718",63803
"4719",63809
"4720",63810
"4721",63811
"4722",63812
"4723",63813
"4724",63814
"4725",63815
"4726",63816
"4727",63817
"4728",63818
"4729",63819
"4730",63820
"4731",63821
"4732",63822
"4733",63823
"4734",63824
"4735",63825
"4736",63826
"4737",63827
"4738",63828
"4739",63829
"4740",63830
"4741",63831
"4742",63832
"4743",63833
"4744",63834
"4745",63835
"4746",63836
"4747",63837
"4748",63838
"4749",63839
"4750",63840
"4751",63841
"4752",63842
"4753",63843
"4754",63844
"4755",63845
"4756",63846
"4757",63847
"4758",63848
"4759",63849
"4760",63850
"4761",63851
"4762",63852
"4763",63853
"4764",63854
"4765",63855
"4766",63856
"4767",63857
"4768",63858
"4769",63859
"4770",63860
"4771",63861
"4772",63862
"4773",63863
"4774",63864
"4775",63865
"4776",63866
"4777",63867
"4778",63868
"4779",63869
"4780",63870
"4781",63871
"4782",63872
"4783",63873
"4784",63874
"4785",63875
"4786",63876
"4787",63877
"4788",63878
"4789",63879
"4790",63880
"4791",63881
"4792",63882
"4793",63883
"4794",63884
"4795",63885
"4796",63886
"4797",63887
"4798",63888
"4799",63889
"4800",63890
"4801",63891
"4802",63892
"4803",63893
"4804",63894
"4805",63895
"4806",63896
"4807",63897
"4808",63898
"4809",63899
"4810",63900
"4811",63901
"4812",63902
"4813",63903
"4814",63904
"4815",63905
"4816",63906
"4817",63907
"4818",63913
"4819",63914
"4820",63915
"4821",63916
"4822",63917
"4823",63918
"4824",63919
"4825",63920
"4826",63921
"4827",63922
"4828",63923
"4829",63924
"4830",63925
"4831",63926
"4832",63927
"4833",63928
"4834",63929
"4835",63930
"4836",63931
"4837",63932
"4838",63933
"4839",63934
"4840",63935
"4841",63936
"4842",63937
"4843",63938
"4844",63939
"4845",63940
"4846",63941
"4847",63942
"4848",63943
"4849",63944
"4850",63945
"4851",63946
"4852",63947
"4853",63948
"4854",63949
"4855",63950
"4856",63951
"4857",63952
"4858",63953
"4859",63954
"4860",63955
"4861",63956
"4862",63957
"4863",63958
"4864",63959
"4865",63960
"4866",63961
"4867",63962
"4868",63963
"4869",63964
"4870",63965
"4871",63966
"4872",63967
"4873",63968
"4874",63969
"4875",63970
"4876",63982
"4877",63983
"4878",63984
"4879",63985
"4880",63986
"4881",63987
"4882",63988
"4883",63989
"4884",63990
"4885",63991
"4886",63992
"4887",63993
"4888",63994
"4889",63995
"4890",63996
"4891",63997
"4892",63998
"4893",63999
"4894",64000
"4895",64001
"4896",64002
"4897",64003
"4898",64004
"4899",64005
"4900",64006
"4901",64007
"4902",64008
"4903",64009
"4904",64010
"4905",64011
"4906",64012
"4907",64013
"4908",64014
"4909",64015
"4910",64016
"4911",64017
"4912",64018
"4913",64019
"4914",64020
"4915",64021
"4916",64022
"4917",64023
"4918",64024
"4919",64025
"4920",64026
"4921",64027
"4922",64028
"4923",64029
"4924",64030
"4925",64031
"4926",64032
"4927",64033
"4928",64034
"4929",64035
"4930",64036
"4931",64037
"4932",64038
"4933",64039
"4934",64040
"4935",64041
"4936",64042
"4937",64043
"4938",64044
"4939",64053
"4940",64054
"4941",64055
"4942",64056
"4943",64057
"4944",64058
"4945",64059
"4946",64060
"4947",64061
"4948",64062
"4949",64063
"4950",64064
"4951",64065
"4952",64066
"4953",64067
"4954",64068
"4955",64069
"4956",64070
"4957",64071
"4958",64072
"4959",64073
"4960",64089
"4961",64090
"4962",64091
"4963",64112
"4964",64113
"4965",64114
"4966",64115
"4967",64116
"4968",64117
"4969",64118
"4970",64119
"4971",64120
"4972",64121
"4973",64122
"4974",64123
"4975",64124
"4976",64125
"4977",64126
"4978",64127
"4979",64128
"4980",64139
"4981",64140
"4982",64141
"4983",64142
"4984",64143
"4985",64144
"4986",64145
"4987",64146
"4988",64147
"4989",64148
"4990",64149
"4991",64150
"4992",64153
"4993",64154
"4994",64155
"4995",64156
"4996",64157
"4997",64158
"4998",64159
"4999",64160
"5000",64161
"5001",64162
"5002",64163
"5003",64164
"5004",64165
"5005",64166
"5006",64167
"5007",64168
"5008",64169
"5009",64170
"5010",64171
"5011",64172
"5012",64173
"5013",64174
"5014",64175
"5015",64176
"5016",64177
"5017",64178
"5018",64179
"5019",64180
"5020",64181
"5021",64182
"5022",64183
"5023",64184
"5024",64185
"5025",64186
"5026",64187
"5027",64195
"5028",64196
"5029",64197
"5030",64198
"5031",64199
"5032",64200
"5033",64206
"5034",64207
"5035",64208
"5036",64209
"5037",64210
"5038",64211
"5039",64212
"5040",64213
"5041",64214
"5042",64215
"5043",64216
"5044",64217
"5045",64218
"5046",64223
"5047",64224
"5048",64225
"5049",64226
"5050",64227
"5051",64228
"5052",64229
"5053",64230
"5054",64231
"5055",64232
"5056",64233
"5057",64234
"5058",64235
"5059",64236
"5060",64237
"5061",64238
"5062",64239
"5063",64240
"5064",64246
"5065",64247
"5066",64248
"5067",64249
"5068",64250
"5069",64251
"5070",64252
"5071",64253
"5072",64254
"5073",64255
"5074",64256
"5075",64257
"5076",64258
"5077",64259
"5078",64260
"5079",64276
"5080",64296
"5081",64297
"5082",64298
"5083",64299
"5084",64300
"5085",64301
"5086",64302
"5087",64303
"5088",64304
"5089",64305
"5090",64306
"5091",64307
"5092",64308
"5093",64309
"5094",64310
"5095",64311
"5096",64312
"5097",64313
"5098",64314
"5099",64315
"5100",64316
"5101",64317
"5102",64318
"5103",64319
"5104",64320
"5105",64321
"5106",64322
"5107",64332
"5108",64333
"5109",64335
"5110",64336
"5111",64337
"5112",64338
"5113",64339
"5114",64340
"5115",64341
"5116",64342
"5117",64343
"5118",64344
"5119",64345
"5120",64346
"5121",64347
"5122",64348
"5123",64349
"5124",64350
"5125",64351
"5126",64360
"5127",64361
"5128",64362
"5129",64363
"5130",64364
"5131",64365
"5132",64366
"5133",64367
"5134",64377
"5135",64378
"5136",64379
"5137",64380
"5138",64381
"5139",64382
"5140",64383
"5141",64384
"5142",64385
"5143",64386
"5144",64387
"5145",64388
"5146",64389
"5147",64390
"5148",64400
"5149",64401
"5150",64402
"5151",64403
"5152",64404
"5153",64405
"5154",64406
"5155",64407
"5156",64408
"5157",64409
"5158",64410
"5159",64411
"5160",64412
"5161",64413
"5162",64414
"5163",64415
"5164",64416
"5165",64417
"5166",64418
"5167",64419
"5168",64420
"5169",64421
"5170",64422
"5171",64423
"5172",64424
"5173",64425
"5174",64426
